"Model","RMSE"
"Ridge",1.71268645257062
"Lasso",1.7167298708326
"Elastic Net",1.71385037684466
