"","OLS_SE","SUR_SE"
"(Intercept)",0.111104211795598,0.111104211795679
"tenure_num",0.0150169840668789,0.015016984066886
"agent_shiftEvening",0.10016880017557,0.100168800175603
"agent_shiftMorning",0.096926397873716,0.0969263978737438
"agent_shiftNight",0.197932716805207,0.197932716805213
"agent_shiftSplit",0.148114684423421,0.148114684423422
