"Model","RMSE","AIC","BIC"
"ARIMA",0.161468702772912,-11.2315276139811,-5.62673808733246
